{"cameraMode":{"drawMode":0,"name":"Shaded","section":"Shading Mode"},"sceneLighting":true,"audioPlay":false,"sceneViewState":{"showFog":true,"showMaterialUpdate":true,"showSkybox":true,"showFlares":true,"showImageEffects":true,"showParticleSystems":true},"in2DMode":false,"pivot":{"x":12.328912734985352,"y":8.242143630981446,"z":26.13296890258789},"rotation":{"x":-0.04414498060941696,"y":-0.933227002620697,"z":0.33571919798851015,"w":-0.12314219772815705},"size":13.047516822814942,"orthographic":false}