{"cameraMode":{"drawMode":0,"name":"Shaded","section":"Shading Mode"},"sceneLighting":true,"audioPlay":false,"sceneViewState":{"showFog":true,"showMaterialUpdate":true,"showSkybox":true,"showFlares":true,"showImageEffects":true,"showParticleSystems":true},"in2DMode":false,"pivot":{"x":8.064213752746582,"y":0.07487878203392029,"z":4.664999961853027},"rotation":{"x":0.023215167224407197,"y":0.9762870073318481,"z":-0.1704448163509369,"w":0.13451091945171357},"size":3.713157892227173,"orthographic":false}