{"cameraMode":{"drawMode":0,"name":"Shaded","section":"Shading Mode"},"sceneLighting":true,"audioPlay":false,"sceneViewState":{"showFog":true,"showMaterialUpdate":true,"showSkybox":true,"showFlares":true,"showImageEffects":true,"showParticleSystems":true},"in2DMode":false,"pivot":{"x":7.90362548828125,"y":2.4244136810302736,"z":10.580653190612793},"rotation":{"x":0.015842702239751817,"y":-0.9789394736289978,"z":0.08273869752883911,"w":0.1881362646818161},"size":14.214492797851563,"orthographic":false}