{"cameraMode":{"drawMode":0,"name":"Shaded","section":"Shading Mode"},"sceneLighting":true,"audioPlay":false,"sceneViewState":{"showFog":true,"showMaterialUpdate":true,"showSkybox":true,"showFlares":true,"showImageEffects":true,"showParticleSystems":true},"in2DMode":false,"pivot":{"x":20.78382110595703,"y":2.077012300491333,"z":5.3174567222595219},"rotation":{"x":0.009179298765957356,"y":0.8388158679008484,"z":-0.01408461481332779,"w":0.5448691844940186},"size":23.334524154663087,"orthographic":false}