{"cameraMode":{"drawMode":0,"name":"Shaded","section":"Shading Mode"},"sceneLighting":true,"audioPlay":false,"sceneViewState":{"showFog":true,"showMaterialUpdate":true,"showSkybox":true,"showFlares":true,"showImageEffects":true,"showParticleSystems":true},"in2DMode":false,"pivot":{"x":-12.680279731750489,"y":14.921540260314942,"z":6.046428680419922},"rotation":{"x":-0.12171175330877304,"y":-0.6329877972602844,"z":0.10182931274175644,"w":-0.7582057118415833},"size":14.889384269714356,"orthographic":false}