{"cameraMode":{"drawMode":0,"name":"Shaded","section":"Shading Mode"},"sceneLighting":true,"audioPlay":false,"sceneViewState":{"showFog":true,"showMaterialUpdate":true,"showSkybox":true,"showFlares":true,"showImageEffects":true,"showParticleSystems":true},"in2DMode":false,"pivot":{"x":0.7091006636619568,"y":4.749857425689697,"z":13.333091735839844},"rotation":{"x":0.03682835027575493,"y":0.9569260478019714,"z":-0.14060600101947785,"w":0.2529226541519165},"size":1.9131577014923096,"orthographic":false}