{"cameraMode":{"drawMode":0,"name":"Shaded","section":"Shading Mode"},"sceneLighting":true,"audioPlay":false,"sceneViewState":{"showFog":true,"showMaterialUpdate":true,"showSkybox":true,"showFlares":true,"showImageEffects":true,"showParticleSystems":true},"in2DMode":false,"pivot":{"x":8.30019760131836,"y":0.3205642104148865,"z":4.2496657371521},"rotation":{"x":-0.05107551068067551,"y":-0.838078498840332,"z":0.079744353890419,"w":-0.537945568561554},"size":14.889384269714356,"orthographic":false}